Name,Description,Price
Thermostat Drone Heater,Consumer approach woman us those star.,74
Ultra Speaker Iron Grill Advanced One,Point suggest easy money operation could white.,510
Watch Headphones Kettle,Reach husband education.,254
Portable Toaster Clock Monitor Silent,Always choose school poor table main.,69
Pro Toaster Oven,Worry put discuss easy back too career.,525
Mini Speakerphone Mixer,Tell figure discussion chair red keep tough.,413
Eco Cooler Printer Speaker Prime Prime,Cover close myself camera red evening.,621
Webcam Trimmer Projector,Fear fight until market court worry security trouble.,414
Silent Headphones Stove Wireless Air Clean,Truth gun Democrat commercial.,858
Wireless Charger Air Premium Ultra,Public security home.,153
Portable Fan Monitor Toaster Pro Smart Air,Number create north effect deep third hard.,738
Mini Iron Drone,Small meet inside career walk company.,367
Smart Grill Tablet Fridge Sense,Eat describe discussion today.,867
Portable Grill Air Edge,Probably someone several moment if.,356
Premium Brush Scale Grill Plus Plus,Fire your stuff.,439
Vacuum Router Toaster,Work subject ten firm more price.,245
Digital Clock Lock Eco Premium Portable,On ago smile stop.,999
Fast Watch Microphone Microphone,Behind home imagine enter think next whole cell.,868
Clean Dock Mixer Router,Democratic cost use air data push.,411
Cooker Brush,Human office industry threat blue.,280
Premium Cooler Premium Sense,Though knowledge hand.,448
Digital Powerbank Rechargeable Wireless,Few from outside role.,612
Digital Drone Advanced,Send speech product member.,517
Automatic Thermostat Drone Heater,Learn raise possible easy treatment.,182
Clean Webcam Powerbank Portable Compact,Investment ability bring recognize meeting husband guess.,935
Headphones,To even operation down.,35
Fan Iron Cooker,Body perhaps own south always common never.,926
Wireless Printer Fan Compact Plus,Network financial draw sport season push nation.,934
Ultra Projector Rechargeable,Care environment stay might rock guess.,282
Blender Toaster Camera,Great might hair occur certainly.,90
Treadmill,Role hotel test meeting probably reduce.,537
Portable Webcam Powerbank Rechargeable Advanced,Enter decade indicate.,177
Fan Phone,Term collection whatever the.,335
Pro Stove Eco Smart,Consumer leave media wrong nor word.,663
Charger,Phone mention really reach.,596
Fan Phone,Smile market would trouble center.,385
Fan Powerbank,Your tree never bit each this rock.,825
Premium Router Lamp,Daughter interesting ball way.,245
Smart Keyboard Toaster Monitor,State almost summer board church tree former.,573
Pro Iron Drone Ultra,Like find store police single.,536
Fan,Thing least interest around building table.,783
Fast Cooler Prime Advanced,Particularly gas security land.,181
Advanced Webcam Printer,Argue maybe TV media change it.,914
Premium Scooter,Where direction produce company employee edge thus news.,486
Eco Vacuum Iron Phone Clean One Max,Ten heart tree see movie.,20
Clean Drone Heater Scanner Digital Eco Rechargeable,Million process south including.,162
Portable Drone Heater Scanner Lite Premium,Trial visit me model simple beat idea each.,363
Ultra Brush,Ahead doctor reflect seven buy reason.,818
Charger Lock Oven,Old head military most enjoy sense.,84
Automatic Clock Lock Digital Touch,Gas look modern.,549
Cooker Cooler,Man could who manage.,643
Iron Heater,Another method past do wind sometimes.,459
Advanced Powerbank Touch Max,Current care cover cause indicate experience purpose.,273
Digital Projector Oven Thermostat Pro,House close service wall expert economic.,306
Eco Grill Automatic,Avoid television area election their reduce now size.,976
Smart Tablet Speaker Scooter,Soldier local lay.,980
Eco Toaster Oven Eco Compact Wireless,Assume something defense race.,565
Premium Cooler Digital Max,Manager finally now.,887
Clean Camera Drone Fan One Max,Fact bit also look particular Congress know.,466
Fan Drone Monitor,College which care Democrat.,542
Smart Heater Toaster Stove 360 Premium,At forget side major finally past.,919
Advanced Toaster Scanner,Again always include past later drive outside yet.,310
Automatic Camera Monitor Charger,Large really present up.,873
Wireless Grill Grill Silent,Shake movie room site.,181
Fast Clock Brush Prime,Himself fine degree factor skin final participant.,80
Digital Keyboard,Subject protect difficult discover fire call picture.,989
Fast Tablet,Area leave there affect.,567
Fan Powerbank,Participant learn wish it magazine.,660
Heater Radio,So without hotel great.,347
Bicycle Scooter,Involve position military involve.,866
Ultra Freezer Smart X Prime,Conference table song.,990
Advanced Drone Heater Scanner Wireless,Stop rise speak far.,908
Light Heater Clock,Already yet war cold.,489
Smart Fan Touch Rechargeable Fast,Mouth give follow ground act win treat.,971
Heater,Wrong we discover seat center federal support fight.,757
Silent Iron Monitor Eco,Bit quite light draw occur product begin.,892
Eco Oven Mouse Cooler Touch Wireless Advanced,Development another ball individual herself.,348
Premium Charger Bicycle Fan Eco,Draw company own third strong.,769
Microphone Heater,Hold song fish senior expect.,200
Mixer,Southern mention door among its theory.,490
Advanced Thermostat Eco,Could south within allow level sense prove.,329
Eco Printer Advanced,Know gun sing course.,576
Scanner Drone,Watch that term somebody rest happy.,823
Eco Cooler Treadmill Rechargeable,Safe each whom rich that live image.,119
Fan,Right sea prevent country painting.,406
Mini Treadmill Dock Compact,News into find floor government candidate bed.,371
Portable Blender Wireless,Believe indicate seven us.,798
Portable Iron Monitor Premium Pro Eco,End from send.,20
Scooter Scale Cooler,Trip that like better.,765
Freezer,Investment resource speak improve building people.,765
Advanced Blender,Republican billion activity very contain poor.,517
Digital Radio Radio Pro,Pretty quickly around maintain eight.,536
Ultra Kettle,Market camera federal like.,650
Silent Lock Thermostat Air Touch,Participant course paper scene foreign.,974
Iron,Current protect federal huge design.,59
Digital Scanner Rechargeable Ultra Prime,Suffer ability specific job audience court.,867
Advanced Blender Toaster Camera,Low month none Congress certain build history.,371
Automatic Watch Thermostat Clean,Nation then begin clearly part structure executive.,320
Microphone Treadmill Oven,Minute myself smile doctor present.,757
Premium Powerbank Iron Brush Edge Prime,I open cold year.,669
Rechargeable Headphones X Lite 360,Note cost opportunity information.,829
Heater Mixer Shaver,Foot major quickly rock.,459
Compact Vacuum,Start whatever industry science herself natural painting.,298
Compact Mixer Freezer Trimmer,International all four.,766
Pro Projector Mini Air,Interest popular down child around rock issue cause.,594
Silent Fan Fast One,Week situation of air nothing cost spring.,969
Wireless Projector Mini,Or age seat charge central happen.,423
Rechargeable Treadmill,Might bill another look single hospital.,494
Digital Toaster Scanner Touch,Individual buy read.,729
Iron Thermostat,Great across beat answer very investment.,54
Eco Powerbank Digital Ultra,Wait add rest particular seven alone.,317
Fast Fridge Mouse Monitor Silent,Discuss bill water forward.,566
Smart Mixer Lamp Premium,Debate herself car dream agreement.,721
Premium Powerbank Router Compact Pro Sense,Lead fly site control test speak need.,469
Digital Fridge Fan Lamp Compact,Receive financial loss process only business.,872
Mouse,Nearly work voice actually answer receive practice lay.,674
Smart Lamp Prime Ultra,Environment recognize animal network.,931
Portable Watch Go Lite,Forward until value option finally.,207
Wireless Webcam Trimmer Projector Automatic Advanced Portable,Detail fear of whom.,393
Ultra Fan Advanced,Experience suggest many cut here really project.,19
Pro Watch Fridge Ultra Digital,Process believe open growth fly.,864
Eco Headphones Premium X,Add consumer without nor.,349
Tablet Blender,Represent should result require book sea.,87
Pro Headphones Monitor,Technology understand step military sound item themselves.,522
Digital Lamp Blender Drone,We around eat better which couple.,368
Smart Scanner Tablet Radio,Court week course recent employee view early.,406
Stove Blender Oven,Matter expect certainly any item western.,274
Pro Clock Brush Pro Wireless,American drop drug center mind.,823
Projector Freezer,Fire miss agency key school.,850
Fast Scanner Mouse Wireless Air Lite,Dream rich green partner.,384
Silent Charger Tablet Brush,End carry produce page sea young.,459
Dock,Policy lose station me above record all.,23
Dock Dock Trimmer,Reveal recent though stand president.,869
Premium Radio Rechargeable Max Mini,Despite turn grow accept measure responsibility.,66
Smart Tablet Tablet Kettle Mini,Television successful every wide.,859
Ultra Mixer Freezer Trimmer Digital Wireless Plus,Protect imagine senior almost.,519
Smart Thermostat Camera Watch Smart One,Before someone pull get nice town.,146
Fast Drone Printer Tablet,Movement drug end.,395
Premium Blender Cooker Prime,Left economy anything or deal.,528
Advanced Freezer Clean,Score state right moment pressure address.,959
Automatic Speaker Router Lamp Pro,Different let program yet.,16
Advanced Mixer Drone Fan Premium,Pull until affect he.,608
Wireless Vacuum Cooler,Goal forward wrong set Mrs only information.,854
Smart Router Lamp,Receive total close.,385
Compact Bicycle Speakerphone Printer Prime 360,Learn decision late fact science third.,361
Digital Trimmer Clock X Digital Pro,Discussion move investment project its ask pressure.,225
Mini Watch Headphones Kettle Max Portable X,Parent country write civil organization.,881
Wireless Speaker Keyboard,Now speak before ability.,848
Eco Thermostat Camera Watch,Model high under forget seek necessary.,837
Compact Camera One Mini Smart,Standard travel focus test make treat rest attack.,709
Silent Webcam Scooter,News get board admit on.,946
Drone,List fire candidate doctor.,355
Automatic Clock Drone Charger,Present whose teacher over born hospital.,357
Clean Watch Headphones Kettle Air Fast,Arm free after eight play.,45
Mini Oven Drone,Avoid member machine Republican cause ok.,432
Portable Grill Tablet Fridge X Air,Use nothing building another PM.,249
Clean Thermostat Printer Premium Prime,Space statement candidate hand staff article hundred.,140
Ultra Lamp Clean Edge,Official process strategy technology.,807
Fast Mouse Sense Smart,Account couple discussion call.,622
Oven Scale,Just age address total six become citizen claim.,226
Rechargeable Cooler Mini Ultra,Should raise serve more sea step.,82
Phone,Adult real discover cell far.,489
Iron Microphone,Drive style present push space admit power.,463
Smart Drone Thermostat Headphones Touch Go Eco,Relate future see last industry.,505
Mini Thermostat Webcam Bicycle,Evidence beat stand over partner same social.,891
Speaker Iron Grill,About produce hope Mrs international foreign.,388
Automatic Headphones Fast Pro Rechargeable,Baby where trip agency religious cut.,884
Portable Toaster Scooter Air,Foot bring even war next.,26
Mini Webcam Trimmer Projector Digital Fast,Form cup billion race film mean large.,847
Toaster Light Monitor,Food sign oil.,99
Compact Microphone Treadmill Oven Plus,Strong go three decade ahead usually.,435
Projector Freezer,Citizen east run perform summer kind enjoy line.,786
Ultra Scooter,Word economic kid degree.,295
Premium Watch Grill Compact Ultra 360,Situation figure positive remain Democrat space hold.,583
Ultra Scooter Wireless Clean Touch,Treatment create grow heart three.,884
Portable Heater Toaster Stove Fast,Air hit rather serve network wait environment.,567
Smart Powerbank Iron Brush Wireless,Minute collection role fly risk determine itself morning.,488
Ultra Camera Silent,Course water return scientist enough race.,256
Pro Light Drone Fast Fast,Class employee stay organization why coach use else.,366
Compact Drone Fast Lite Mini,Exist open game building term let nearly.,731
Compact Radio,Put boy help strong rise consider wife bring.,763
Smart Router Lamp 360 360 Silent,Sign wind miss drop visit.,646
Fridge Fan Lamp,Song receive system sure.,416
Fan Clock Camera,Property share you parent just security.,583
Webcam Scooter,Media general individual sea around morning.,229
Light Drone,Public prepare detail series.,113
Automatic Charger Bicycle Cooker Mini Pro,Course company lot contain before water person.,720
Premium Blender Air,Marriage personal say job opportunity.,351
Smart Scale Prime Air,Whatever different plan life life.,305
Monitor Light,North subject guess space.,302
Microphone Cooler,Pattern bad appear interview lay threat most.,565
Grill Tablet Fridge,Mouth day road foot from onto rise.,326
Clean Bicycle Wireless Digital Lite,Late western two fire above address hold commercial.,504
Automatic Charger Bicycle Fan,Company computer us economic tonight operation agent.,677
Pro Powerbank Cooker Iron Ultra,Lawyer economy cut movie movement artist.,991
Digital Scooter Rechargeable Clean Portable,Hold position evidence first season prepare.,414
Compact Thermostat Microphone Scooter Silent,Form also field hold investment material.,355
Fast Mouse Digital Portable Plus,Organization under size grow old.,818
Automatic Watch Grill,Manage thank somebody face wind space material.,673
Wireless Printer Fan Air Lite Go,Behind national manage new.,748
Pro Brush,Education red give chance whether.,525
Smart Router,There walk new thing add.,742
Eco Projector,Matter wall international research.,380
Digital Grill Microphone Projector,Draw lot green throw drug at environmental.,869
Silent Mixer Treadmill Touch Smart Advanced,Among inside success into program face around fast.,318
Clean Radio Rechargeable,Guy deep agent.,297
Compact Clock Lock,Old career challenge current see brother save.,575
Webcam Projector Oven,Evening beautiful reflect lead.,998
Advanced Mouse Lamp 360,Light quickly husband environment.,45
Automatic Heater Stove Scanner,To sometimes quite adult performance.,622
Scooter,Author person create list.,232
Eco Camera,Truth while food western occur.,805
Fast Printer Lock Thermostat Automatic Go Digital,Their executive visit really.,938
Automatic Lock Freezer,About effort approach model alone.,688
Ultra Radio Eco,Life at stock statement reflect view.,698
Clean Lock Thermostat,Trial debate ready.,77
Fast Freezer Max,Property its thousand control population recognize operation range.,136
Mixer Treadmill,Believe rather choose.,680
Thermostat Stove Lamp,According have sea drive woman.,934
Wireless Dock Eco X Automatic,Drug side significant animal.,342
Dock Dock Trimmer,Look movement cultural thing his issue source.,449
Silent Grill Grill Scale,Guess early fly room onto.,612
Shaver Thermostat,Hundred team him music decade meet.,422
Digital Charger Cooker Thermostat Premium Portable,Model any policy protect face among international.,939
Premium Camera Keyboard Sense Lite Plus,Wish particularly should blood miss send system.,224
Smart Lock Edge,Discussion total off.,44
Smart Heater Keyboard 360 360,Gas fear human bed.,931
Wireless Grill Brush Watch Pro,With peace across option night.,24
Premium Kettle Clean Smart Rechargeable,Where raise authority else wonder.,467
Wireless Headphones Fast Lite Premium,Thus doctor page month last art practice.,635
Smart Light Clean,Fish industry important official newspaper.,447
Smart Brush Blender Vacuum,Instead public moment suddenly attention.,990
Wireless Heater Monitor Max Clean,Guy consider career better.,447
Ultra Speakerphone Oven Air,Hard song method positive man game.,256
Smart Fan Monitor Toaster Advanced One 360,Different paper article side agency century.,609
Wireless Camera Advanced,Reality never sell once contain occur.,144
Rechargeable Light Webcam Cooker Go,Certainly difference fill two but language give.,284
Ultra Oven Go Fast,Show control trial central south action region.,707
Automatic Drone Silent Prime Premium,Skill any for woman.,176
Eco Webcam Toaster Fast Prime Mini,Suffer free whom particular line.,636
Speaker Router Lamp,Over adult management speak.,337
Pro Scanner Monitor Treadmill,Camera top leg seat provide source listen.,946
Portable Camera Edge,Require build between system star.,919
Projector,Seat nature factor rate kid fight available heavy.,585
Rechargeable Watch Headphones Kettle,Strategy agent enjoy social everything.,656
Portable Headphones Edge,Onto key war control together box.,442
Digital Camera Drone Fan Smart Compact Air,Window southern charge TV cell see face relate.,806
Digital Projector Wireless Air Edge,These thing whose until election boy back.,429
Smart Fan Lamp Automatic Fast Lite,Use space fight hear walk school.,653
Microphone,Glass charge recognize friend.,787
Eco Brush Blender Vacuum Automatic Ultra,Across ready land smile who development leg effect.,347
Ultra Clock Lock,Huge game environment pay world.,931
Clean Fan Eco Fast Max,Deal not human almost you grow dog need.,180
Fast Fan Go 360,Ask easy religious.,847
Scale,Reflect sense medical area Mrs return stock true.,562
Compact Keyboard Go,Never role discover his bank interest.,595
Digital Projector Oven Thermostat Advanced Eco Smart,Turn source take treatment find push.,380
Pro Speaker Powerbank Camera,Which society appear board free wear.,503
Rechargeable Lamp Freezer,Commercial field natural recent population age case.,476
Keyboard Toaster Monitor,Difference carry break close table close.,662
Wireless Webcam,Happen situation heavy deep catch.,790
Powerbank Brush Charger,Car role rock discussion third cultural.,823
Smart Camera Router Fan Go,Always enter exist bed.,9
Rechargeable Phone Grill,School truth deep during.,405
Kettle Brush Fan,Four home focus office everybody product week.,789
Digital Bicycle Mini Rechargeable Digital,Rather house participant when lead strategy among.,218
Rechargeable Thermostat Oven,Not school direction.,670
Advanced Phone Speaker Blender Compact,Edge summer brother.,508
Premium Lamp Lamp Mini Prime,Board section rate million month.,614
Portable Microphone,Day government recently its live bit radio.,188
Ultra Thermostat Drone Heater Plus Smart Eco,Watch ten act agree determine.,866
Mini Lamp Monitor,Player college ask various society seat manage.,226
Smart Powerbank Cooker Iron Advanced Go Go,Cold occur fear probably analysis always.,655
Fast Radio Smart,Two if enjoy hand.,534
Compact Brush,Message particularly or pattern wife available term.,684
Smart Toaster Pro,Almost season case.,405
Eco Webcam Dock Heater Go,Wrong difficult husband measure.,530
Eco Scale Trimmer Grill Edge,Improve name hand third within fill position.,960
Pro Mouse Treadmill Phone Eco Portable Compact,Ready fish early.,334
Wireless Dock Router Webcam Mini,Accept technology sort day anyone such rule.,472
Silent Charger,Other nation imagine prepare two.,325
Trimmer Stove,Involve attorney behavior prove nature short billion PM.,307
Lock Charger,Technology oil fine last cause never focus before.,206
Light Headphones Tablet,Mission quite figure discussion appear.,856
Automatic Lock Ultra,Despite lay born ability issue more then Democrat.,994
Mini Mouse Monitor Phone Plus Wireless Wireless,Prepare partner kitchen hair.,193
Rechargeable Watch Thermostat,North attack degree seven sea rate important.,296
Thermostat Drone Heater,Write add trip magazine part also war fine.,738
Eco Thermostat,Not board American.,325
Treadmill Dock,Store scientist condition even force.,957
Heater Stove Scanner,Kind society begin education moment able enough.,812
Compact Blender One,Dinner light reduce executive reduce.,831
Charger Lamp,Record popular national particularly animal.,405
Premium Router Scanner,Best station himself fight product.,55
Smart Phone Iron Speakerphone Prime Pro,Little thus time.,708
Smart Freezer Powerbank Watch Pro Lite Plus,Allow expect special campaign million new eye.,114
Radio,Goal minute civil.,865
Rechargeable Bicycle Prime,During you wonder look talk.,499
Radio Stove Shaver,Citizen woman foot.,520
Smart Dock,Less shake stock available policy ahead investment.,913
Mouse Heater,Minute between car consider low.,314
Webcam Scooter,Young our price daughter box onto show.,112
Eco Heater Monitor Sense Ultra Portable,Hard statement mouth factor visit.,442
Mini Fridge Freezer Plus,Have several look mouth mouth seven.,516
Clean Webcam Ultra Go,Same current always tough tend individual him.,666
Eco Charger Eco,Set doctor can lose however radio picture.,20
Premium Mixer Vacuum Sense Premium X,Until certainly pretty about if stay.,89
Smart Fridge Go,Job catch fast.,784
Premium Bicycle Wireless 360 Touch,Dinner national help goal Mrs.,978
Scale Stove,Town bag sister TV.,362
Ultra Clock Drone Charger Prime,Another step fly well finally attorney.,724
Wireless Scooter Scale Cooler Smart Edge,Even best yeah.,449
Smart Watch Tablet Printer,Beat form any be air.,632
Ultra Iron Monitor Smart Eco Smart,Back they bank everyone.,568
Rechargeable Heater,Forget school marriage return so.,944
Ultra Radio Iron,Main possible add by these those.,604
Silent Scale Portable 360 Pro,Force move industry case ahead born not majority.,443
Fast Thermostat Microphone Scooter Plus,Before develop especially east whatever.,817
Drone Heater Scanner,Break right who or them.,783
Eco Dock Trimmer,Somebody drop significant.,106
Charger,Social rather floor other.,411
Wireless Camera Touch,His might easy former over skill former.,68
Silent Clock Lock Lite Rechargeable Digital,Morning present team result future nice.,272
Smart Toaster Clock Monitor 360 Sense,Maintain professor attorney these he land financial.,773
Eco Webcam Projector Lock,Remember teacher report former.,49
Premium Powerbank Radio Lite Prime,Community official lawyer page stuff within.,996
Mini Scale Treadmill,Change matter oil attorney value senior believe.,882
Advanced Scanner Drone Go Max,Color worry almost total nature pay.,932
Portable Drone Thermostat Headphones 360 Touch Max,Seat discussion computer south.,593
Rechargeable Shaver Drone Premium,Alone sing race past behavior music.,206
Pro Mouse Mouse Router Lite Mini,Crime read camera her wife effect unit.,246
Smart Projector,Goal security why article cut.,374
Smart Oven Speaker Fan Clean Wireless,Democratic guess stock.,701
Automatic Trimmer Stove Smart Smart,Item culture thousand surface happy.,663
Digital Drone Eco Rechargeable,Religious statement service friend.,117
Mini Cooler Fan X,Itself similar standard loss religious herself total.,916
Automatic Dock Mixer Router Mini,Bag apply example door specific standard.,539
Mini Drone Heater Scanner Premium Max Ultra,Decade billion professional plant.,225
Premium Watch Camera Go Premium,Third deal agency stay field movement drive reality.,599
Rechargeable Toaster Clock Monitor Prime Eco,Skin feeling beyond thought sell news.,858
Tablet,Ahead official page truth phone.,840
Fan Drone Monitor,Forget the wind dream class production writer.,365
Advanced Oven Speaker Fan,Fight statement still child simple despite.,473
Premium Scooter Bicycle Oven Smart Ultra,Attorney modern anything which.,453
Smart Phone Grill,News voice debate you cup war board.,388
Clean Watch Microphone Microphone Mini Wireless Compact,Now go age tree staff hair word.,676
Silent Cooker Mouse Bicycle,Just their rule positive become story.,952
Trimmer Cooler,As husband cause high letter.,292
Pro Speaker Router Lamp,Attorney defense car care big new Mr.,313
Mini Drone Printer Portable Wireless Automatic,Red walk general sure.,653
Mini Radio Mixer Lite,Often specific free offer without office daughter.,100
Mini Router Freezer Webcam Air Max Edge,General of per we air social half.,909
Compact Phone Scooter,Oil end beat attorney factor.,803
Silent Mouse Radio Light,Southern institution world team argue girl friend heart.,957
Wireless Clock Advanced Rechargeable,Significant resource great dark ability gun four task.,899
Fridge,Back every manager station far determine.,529
Clock Drone Charger,Trouble walk my short let anything.,489
Automatic Scooter Microphone Wireless Compact Smart,Popular hot none second will safe smile.,325
Smart Vacuum Lite Rechargeable Prime,Figure remember notice simple wide summer natural ok.,755
Advanced Mixer Vacuum Wireless,Pm position movement pattern point.,32
Silent Powerbank Sense Compact Rechargeable,Future Mr let against boy.,433
Fan Drone Monitor,Listen offer alone understand hour do.,979
Smart Lamp Freezer Prime Advanced Clean,Knowledge line citizen other do ready standard.,643
Projector,Tough relationship sometimes west.,718
Digital Mixer Heater Wireless Rechargeable,Return partner system huge thought education stop series.,345
Dock,Tonight reduce one deal space.,944
Rechargeable Brush Scanner Wireless Plus,Any later surface reach group run carry star.,776
Ultra Scale Toaster,Senior value financial night traditional contain.,75
Smart Vacuum Iron Phone Pro,Foot bar sing billion.,337
Advanced Webcam Cooker Toaster Smart,Light likely art pretty voice officer.,533
Ultra Cooker 360 Eco Pro,Treat worry moment ahead station blood.,999
Rechargeable Grill Trimmer Eco,Administration such tend interview summer.,69
Advanced Powerbank Scooter Rechargeable Air,Brother should method contain strategy similar.,576
Mini Dock 360 One Premium,Bit evidence eight perform center.,215
Advanced Radio Smart Compact One,Least every fill television catch.,301
Premium Powerbank Scooter Rechargeable Edge Eco,When material together leg same fire.,890
Portable Lock Blender,End become lead not reflect.,290
Watch,Which sign cold.,369
Clean Scooter Scale Cooler Portable Smart,Deep notice big election cause name.,147
Clean Powerbank Cooker Iron Lite,Whole service walk whether just.,685
Phone Speaker Blender,Order within however well recognize shoulder.,392
Clean Phone Speaker Blender Touch Wireless,Exactly strategy message recent home.,988
Digital Treadmill Smart Edge Pro,Read moment prevent opportunity line public buy.,160
Portable Lamp One Prime One,Effect force trouble admit later certainly.,854
Lock Freezer,Address region south become say.,296
Blender Cooker,Candidate health act institution hospital price management.,841
Keyboard Freezer,Hit improve chance report middle perhaps wind worry.,423
Smart Clock Brush Prime,Parent vote property red economy.,761
Advanced Kettle Plus,Rise article expert fill teach scene onto loss.,421
Wireless Radio Treadmill,Might exist who.,631
Wireless Speakerphone Eco Smart,Star thing ahead sort of majority sometimes.,123
Fast Clock Sense Go,Artist all spend quality voice finish place.,301
Powerbank Brush Charger,Trouble hold south provide bed manage.,102
Rechargeable Kettle Brush Fan Max,Hope feel compare ready.,363
Wireless Radio Smart Air Prime,Doctor easy pay wait rich would.,206
Charger Bicycle Fan,Deal ago onto else.,276
Charger Lamp,Policy enjoy east certain safe there boy.,38
Radio,Against stop heart about chance whom.,673
Smart Bicycle Speakerphone Printer,Central third assume go.,878
Pro Headphones Monitor Rechargeable Pro Go,Skill career back lead according degree.,624
Fast Powerbank Mini Sense,Wait speech million point difficult travel.,770
Digital Camera Drone Fan Digital Mini Rechargeable,Account cut company training.,163
Portable Mouse Rechargeable,Before list give director economy.,540
Wireless Scooter Advanced Plus,Write level avoid a.,910
Grill Phone,Major around night spring.,551
Mini Cooler,Movement later occur wall hold professor simple century.,201
Automatic Charger Lamp Ultra,Within along push score.,322
Compact Microphone Lamp Speaker Clean Wireless,Source purpose street guess condition.,383
Fast Cooler Sense Premium,Degree story simple force indeed finish better.,318
Rechargeable Cooler Vacuum Wireless Premium,Around us pressure address.,289
Compact Scanner Shaver Powerbank Advanced One Mini,Good build east down.,478
Portable Toaster Scanner,Down nothing spend fish.,721
Fast Shaver Mouse Lite Lite Plus,Thought month professional somebody daughter there grow.,227
Fast Heater Touch,Senior clear look mouth order million room.,460
Portable Trimmer Stove One Premium,Role recent world not west Mr those.,500
Smart Speakerphone Stove Tablet Advanced Wireless,Rise bit cut hard.,610
Advanced Fan Thermostat Edge,Lead late light order understand peace event.,413
Monitor,Third only word this.,812
Advanced Fridge Fan Lamp Ultra X,Fish explain increase next.,474
Automatic Cooler Treadmill,Professional and prevent.,840
Microphone Clock,Its its low keep policy notice maintain.,146
Ultra Vacuum,Front more season no nor region dark.,287
Advanced Cooler Lite 360 Sense,Mind impact interview.,837
Grill,Laugh language think bag model.,403
Heater,During anyone possible difference fund.,601
Blender Blender,Loss manage participant into.,463
Smart Freezer Pro Digital Automatic,Itself type forward tend thus research.,560
Advanced Webcam Printer Prime Portable Air,Cup start free author agency position.,489
Portable Keyboard Freezer,Both south similar common believe.,544
Phone,Today near minute keep second.,118
Portable Dock Eco Eco Eco,Beat simply factor soon world.,21
Ultra Powerbank Brush Charger,Number cut least beautiful reduce.,560
Brush Blender Vacuum,Network them way their station.,229
Rechargeable Heater Monitor Plus Prime,Place organization far probably stay.,952
Compact Toaster Light Monitor,Body shoulder worker local quality instead model.,309
Ultra Blender Toaster Camera Plus Fast,Democratic year dark step institution huge throw.,256
Silent Dock Mixer Router Edge,Research population score music hold soldier.,805
Advanced Scanner Drone Premium Advanced,Human Democrat now technology movement air direction.,379
Automatic Keyboard Toaster Monitor Plus Smart Clean,Hand consumer condition guy mind.,668
Pro Toaster Oven Sense Eco Mini,Leg people audience not leader person born.,860
Wireless Keyboard Kettle,Treat close even page.,160
Portable Vacuum Lite,Place star real international.,95
Clean Powerbank Clean Ultra 360,Once method me become need her manager.,688
Portable Headphones Air One Compact,Last child all so hear everyone run.,297
Digital Thermostat Iron Go,Station study sit bring dog body.,852
Monitor Light,Dream once opportunity choice give class.,476
Mini Printer Sense Prime Go,Finish though lot material.,514
Premium Headphones Portable,Inside option herself drive suddenly return unit.,498
Oven Scale,Upon deal on then minute remain.,805
Automatic Headphones Stove X,List stop but chance activity.,887
Eco Brush,Data street consider lose everyone.,94
Digital Lamp Freezer Ultra 360 Pro,National protect question evening difficult.,245
Wireless Phone 360 Mini,First exist investment available per cultural worry.,17
Smart Lock Bicycle Clean Touch,Big factor war trial.,670
Eco Keyboard Go Mini Silent,Job arm computer character author.,472
Dock,Reveal production anything contain.,129
Smart Dock Trimmer,Memory themselves finally bit policy Mrs rise different.,172
Digital Headphones Monitor Premium Advanced,Dinner leader write.,382
Vacuum,Authority to better structure.,34
Ultra Iron Digital Max,Music low including know strategy girl truth.,401
Keyboard,Sea it decision already better energy culture.,428
Silent Powerbank Lite Plus Clean,Maybe democratic wait life.,89
Smart Tablet Microphone Trimmer,Stage believe institution dream attorney sister.,699
Silent Microphone,Walk marriage speech minute financial everything business.,328
Wireless Bicycle Microphone Digital Portable,Plant matter leave language catch wish itself.,631
Automatic Scale Headphones,Prepare positive little price evening.,625
Fast Watch Microphone Microphone Smart Premium Portable,Paper third story contain star kind identify contain.,258
Ultra Brush Touch Mini,Admit field language state result community.,145
Trimmer Clock,Performance receive court tonight throughout when modern.,879
Smart Mouse Heater Clean Air,Away consider still election order.,114
Automatic Webcam Scooter One Compact,A wrong because smile school enough.,330
Portable Camera Clean Premium,Camera service difference culture hold scientist nearly.,746
Smart Phone Thermostat Silent Go,Worker late simply open study.,947
Vacuum,Range education example evidence apply.,533
Eco Iron Prime One Wireless,Worry exactly military drug detail whom play.,21
Pro Speaker Keyboard Digital Touch Automatic,Director staff lawyer suddenly provide matter blood.,550
Rechargeable Lock Charger,Season laugh commercial say.,44
Eco Scale Headphones,Back make drug positive leg decide study.,52
Digital Keyboard Kettle Wireless Fast,Size begin participant run pretty stuff.,683
Printer,Half such affect number in.,959
Wireless Bicycle Scooter,Leave lot million.,288
Compact Headphones Charger Digital Touch One,Himself everyone good west.,16
Kettle,Head management any tough live.,176
Ultra Iron Toaster Projector Compact Plus,Number glass direction music voice.,898
Mini Clock Brush Clean,In create air low have.,863
Wireless Cooker Advanced,Could several sign around.,380
Brush Blender Vacuum,Green more protect though remember power.,112
Dock,Food how bad story identify.,346
Rechargeable Mouse Treadmill Phone Smart Clean Premium,Southern investment true him turn live music.,442
Ultra Oven Scale,Campaign customer building.,146
Rechargeable Scooter Bicycle Oven One One Fast,Left his quite.,585
Printer Charger Brush,Pressure often area clearly.,917
Ultra Heater Keyboard,Figure hand right anyone want someone raise.,901
Digital Grill Grill Sense Edge Smart,Spring contain to increase every audience specific increase.,384
Pro Radio One Touch,Spend identify rather style east as.,757
Speaker Iron Grill,Admit hope building medical easy he.,961
Compact Router Smart,About increase matter collection structure interesting operation star.,624
Cooler Watch Fan,Project section change ground teach.,955
Clean Blender Eco Plus,Card evidence career author learn soldier through white.,420
Automatic Fan,Wall ability customer join family.,478
Rechargeable Cooker,Right onto human page.,469
Mini Grill Charger Headphones,Check trial reach.,305
Camera Treadmill Heater,Situation grow threat run million prepare economic.,907
Portable Cooler Printer Speaker Ultra,Technology bed support section staff.,265
Heater Thermostat,Cup stuff investment for southern ok.,261
Advanced Clock Air Edge Premium,What police parent fund agreement without stand.,455
Clean Brush Lock Eco,Religious stuff TV.,301
Printer Fan,Hotel person improve civil others box.,266
Premium Mixer Bicycle Fridge Mini 360 Automatic,Shoulder any fund throw ground.,534
Pro Iron Toaster Projector,Other paper case case series soon take.,632
Smart Charger Treadmill Go Smart One,Network here itself among collection teacher.,626
Premium Lock Camera,Model mind message top.,385
Smart Cooler Touch Pro Edge,Safe herself box smile arm body easy.,943
Smart Projector Freezer Smart,Sport once either here so risk go.,696
Advanced Keyboard Portable,When community if senior affect law when.,869
Advanced Thermostat Stove Lamp,Since wall take range.,301
Projector,Bank push true set place.,216
Projector,Difficult young occur performance expert peace.,392
Wireless Heater Toaster Stove,Century enough character write.,187
Blender Blender,Field senior letter writer.,20
Webcam Webcam Stove,Pm common wall control often choice step that.,139
Light Drone,Style arm cultural television low majority.,928
Wireless Stove Iron Smart Advanced,Baby sometimes edge voice election least.,16
Fast Scooter Eco Premium,Economic price bring old politics they.,409
Advanced Headphones Monitor Go Automatic,Success when life animal.,219
Clean Brush Blender,Increase operation number allow hotel.,692
Smart Blender Treadmill Tablet,People appear enter art fast series.,579
Compact Charger Cooker Thermostat Go Mini Smart,Perform from wall so particular where.,968
Compact Scanner 360 Plus Ultra,Speak miss form view discussion interview where want.,288
Ultra Charger Cooker Thermostat One Prime,Girl environment apply traditional charge.,415
Rechargeable Radio Radio Portable Clean Premium,Teacher discover suddenly point never land.,112
Portable Camera Bicycle Speakerphone,Song something there wall mother wind.,852
Radio,Late source reduce.,561
Clean Mixer Drone Toaster,Behavior class yard home page operation.,406
Premium Tablet Microphone Trimmer Fast,Too option music camera vote.,948
Brush,Defense receive last may.,360
Smart Charger Monitor Brush,Throw keep very nearly.,82
Wireless Watch Go Sense Ultra,Poor western with hold step.,933
Drone Printer,Recognize general admit world.,445
Premium Printer Lock Thermostat 360,Mind provide contain try various trial.,481
Fast Heater Keyboard Eco,Bit first grow offer accept information.,11
Smart Fan Fast Premium,Though should dream both front century.,928
Premium Shaver Go,Tonight these lawyer contain.,929
Portable Dock Smart Advanced,Appear though us value bar thousand.,594
Wireless Brush 360 Ultra,Response feel hear old stuff respond car.,951
Rechargeable Oven Mouse Cooler Eco,Class difficult during production fire glass what.,397
Advanced Brush Fridge Drone Advanced Prime,Capital politics stop serve.,699
Clean Mouse Speaker Cooler Touch One Silent,Both girl resource rise away.,499
Advanced Microphone Clock Smart,Discussion American ability everything few nature car.,554
Speaker Tablet Headphones,Turn simple choose central.,319
Eco Webcam Powerbank Smart Prime Automatic,Middle serve forget.,310
Mini Radio Mixer X Edge Eco,Wonder raise learn design.,805
Eco Webcam Smart,Want someone rate eat.,99
Ultra Scanner Drone Portable,Statement site east change base wind nice.,74
Lamp,Reveal miss evening eye brother.,615
Smart Iron Microphone Smart One Premium,State present control wind.,544
Wireless Treadmill Touch,Customer somebody on where.,395
Clean Stove Iron 360 Edge Wireless,Fact fear door land fly bit role wait.,930
Drone Heater Scanner,Start tax always treat challenge join morning.,738
Portable Fan Scooter Trimmer,Risk hundred six fall box.,681
Compact Lock Touch,Answer school operation behavior late pull.,197
Premium Cooler Vacuum,Notice difference kid use.,659
Compact Thermostat Trimmer Eco Max,Mission Congress very community kitchen.,583
Wireless Fan Scooter Trimmer 360 Clean Fast,Choose where clear respond the coach no main.,694
Wireless Powerbank Cooker Iron,Smile plant full ability camera really each.,527
Fast Iron Thermostat Compact,Carry region list positive rest across.,836
Premium Scale Trimmer Grill Fast Silent,May recent hope fast cost.,598
Advanced Watch Camera One Go,Evening sure shake new democratic order detail consumer.,266
Wireless Keyboard Speakerphone Fan Ultra,Team lay nor her modern serve history new.,497
Silent Vacuum Webcam Rechargeable,Alone piece our then what style.,897
Ultra Treadmill Rechargeable,Great often administration worry every.,102
Rechargeable Mixer Drone Toaster,Traditional hot how.,806
Eco Brush Scale Grill Ultra,Under clearly main under service.,383
Smart Charger Bicycle Cooker Advanced Air,Draw popular source same.,128
Thermostat Printer,Nor night without science.,552
Clean Heater Keyboard,Information wife manage bill amount black produce fund.,216
Premium Thermostat Advanced Go,Board possible effect institution.,546
Rechargeable Vacuum Printer,Serious just gun old crime discuss professional.,72
Digital Clock Brush,Significant worker theory letter himself somebody.,194
Portable Watch Thermostat,Style produce especially.,477
Advanced Grill Lite,Paper program start.,426
Rechargeable Watch Digital Max,Nature population hit southern budget.,628
Silent Microphone Clock Touch Smart Wireless,Just enough usually best citizen lawyer.,184
Wireless Powerbank Pro Wireless,Start word down high while indeed.,726
Digital Clock Automatic,Help them whatever list.,95
Clean Treadmill Silent Smart,Boy speech management he accept.,908
Eco Treadmill Smart,Film treatment learn daughter few reason issue.,634
Charger Lamp,Add stand bit matter worker whatever.,440
Rechargeable Thermostat Smart Advanced,But increase rest.,915
Eco Router Lamp Rechargeable,Street task buy.,403
Portable Tablet 360,Outside fact week voice act thousand.,897
Wireless Toaster Scanner Automatic Edge Sense,Particular myself traditional people.,396
Premium Drone,Wind phone report student field.,942
Smart Mouse Max Clean,Oil take country model add.,14
Lamp,I resource trouble share law police state.,366
Smart Mouse,Interview body picture produce reason allow policy.,521
Premium Lock,Into their high to economy worry.,916
Advanced Light Air Compact,Image participant without thousand bit turn eight.,172
Ultra Tablet Blender Clean One,Cultural Mrs return.,277
Mini Drone Vacuum Pro Air,Player perhaps special range sea.,300
Mini Fan Speaker Fridge Premium Air Portable,Million member walk stand effort.,965
Pro Powerbank Radio 360 Max,Those yeah before defense.,177
Wireless Scooter Microphone,Sell source own arrive information.,1
Mixer,Summer suggest exactly economic cold student feeling.,616
Silent Clock Lock,Remember training western space whatever couple.,327
Silent Lamp Lamp Kettle,Above top soon.,233
Ultra Thermostat Stove Lamp Premium Touch Digital,Anything her name speech.,499
Smart Scanner Shaver Powerbank Portable,Article civil total audience.,207
Advanced Radio Light Fan 360,Manage race serve walk of.,186
Smart Clock Plus Touch,Special age realize federal.,769
Ultra Drone,Former fish happy choice minute.,731
Smart Trimmer Clock Touch,Finish despite institution data drug.,993
Pro Shaver Thermostat,Personal voice expect room news town interesting.,402
Premium Fan Prime 360,Page continue city represent.,456
Camera Drone Fan,Want single act herself country either family.,18
Smart Fan Speaker Fridge Silent,Answer against could focus far the possible.,821
Fast Webcam Projector Lock,Special various consider rule animal their threat.,663
Silent Scanner Tablet Radio 360 Advanced,Goal arm town business season sort cost.,701
Wireless Tablet Blender,If blood probably send able.,991
Portable Webcam Bicycle Camera Advanced Advanced,Dinner early pull yard whole information TV.,390
Ultra Dock Go Touch,Trouble step mission fire.,413
Clean Scooter Compact Max,Marriage relate girl green computer suffer me.,476
Rechargeable Fridge Freezer Air,Nearly do and company dinner bad especially.,57
Digital Thermostat Microphone Scooter One Smart Pro,Current boy professional clear suffer professional.,473
Rechargeable Projector,Court sometimes ask child.,285
Drone,Scene especially new without.,852
Ultra Bicycle Clock Lamp Air,Attorney recent time final which.,762
Mini Fan Speaker Fridge Automatic Smart Go,Bit near front hard woman.,147
Ultra Brush Cooler Powerbank Edge Lite Smart,Deal foot movie city.,585
Portable Grill Trimmer,Design I between choose fund forget.,365
Mixer,Sport forget different choice hard.,698
Eco Heater Edge Portable,Member simple leader.,979
Advanced Headphones Go,Production brother once the employee eat story.,367
Compact Tablet Speaker Scooter Plus Touch,Edge difficult more social strategy so new.,253
Eco Grill Phone Mini Plus,Moment represent wide customer cover whose.,456
Fast Radio Iron Go Eco Pro,Task coach fund either.,994
Pro Radio Radio Sense 360 Prime,Claim last mission change.,964
Treadmill,Exist evening both budget relate course word ball.,374
Wireless Lamp Freezer,Open claim reflect environment scene central.,980
Ultra Toaster Air Automatic,Wide south trip less air lose.,34
Silent Webcam Cooker Toaster,Town purpose poor data able head.,521
Clean Headphones,Focus different maintain arrive consumer because.,813
Digital Speakerphone Stove Tablet,Friend attorney million agree station.,599
Silent Mouse Monitor Phone Max,Kid society food.,116
Silent Speakerphone Oven Advanced Go,World nothing data century heart which.,450
Blender,Far him agency there real.,908
Portable Stove Monitor Tablet Compact Max Premium,New hear money reflect cost white.,139
Ultra Fan Fast Smart,Deal board career economy none such should.,352
Camera Bicycle Speakerphone,Front way certain successful learn.,72
Router Freezer Webcam,Occur wish huge these woman keep quality.,665
Fast Iron Microphone Edge Clean Digital,Job not old record.,858
Automatic Projector One,Employee whatever section fish.,174
Wireless Bicycle Sense,Rise think call market read.,761
Fast Powerbank Projector Advanced 360 Rechargeable,Foot better its identify here.,627
Fan Cooler Vacuum,City player try picture its build no appear.,943
Wireless Brush Blender Vacuum,Cause television international include law nor most.,406
Fast Powerbank Brush Charger Sense,Ahead fund stuff on blue.,544
Digital Cooker Cooler,Course why seek teach unit provide us.,990
Rechargeable Radio Mixer Smart,Right year a mean later.,561
Automatic Lamp Scanner Vacuum,First show field store strategy.,839
Clean Camera Premium Edge,Discussion arm drug.,520
Digital Speakerphone Go,Indicate change lawyer benefit project.,168
Shaver Thermostat,Wall reflect upon hundred song.,208
Ultra Mixer Freezer Trimmer,Bag possible any better.,703
Compact Blender Cooker Smart Go Go,Somebody early whether thus seat.,764
Stove,Indeed rate tree form.,896
Lock,It top fear poor senior miss economy.,601
Fast Webcam Webcam Treadmill,Person course loss deal we best special old.,588
Rechargeable Printer Compact Eco,Radio final history challenge painting similar ok.,464
Clean Light Ultra Air Smart,Way hit history it program.,277
Mini Lamp Blender Drone Advanced Prime Silent,Light again national small.,291
Mini Phone Thermostat Prime Eco Advanced,His ability office something scene.,460
Clean Fan Iron Clock Advanced Mini Fast,With out apply follow customer reason lose.,293
Eco Webcam Cooker Toaster,Next thing true book including suddenly defense ready.,431
Wireless Thermostat Printer,Show score life pattern clear over pattern director.,350
Mini Powerbank,Science stage particularly east break.,256
Ultra Powerbank Cooker Iron 360 360,Officer leg range.,300
Smart Fan,President those let trouble party.,39
Lock,Fact thought along pattern crime left.,372
Camera,Investment threat message.,718
Automatic Clock Smart,Evening identify shake position.,190
Drone,Wall open bar huge after.,331
Smart Keyboard Ultra,Sport election sell front.,342
Eco Printer Charger Brush,Organization together point week.,774
Automatic Dock,Among prepare resource evidence test no big.,4
Digital Microphone Cooler Prime Smart,Section according lead service sort young.,957
Mini Kettle,Second too benefit answer understand myself big.,243
Wireless Brush Blender Vacuum,Sing church most yet.,266
Watch Tablet Printer,Cultural skin describe morning nearly air.,78
Advanced Scale Toaster Plus,Girl beyond light situation.,452
Digital Vacuum Touch Rechargeable Compact,Worker none magazine against once.,580
Lock,Send decide your next whether easy.,927
Pro Microphone Cooler Automatic Clean Mini,Benefit card over need wide western television lay.,509
Premium Charger Lamp Digital,Yet human step often every half travel.,786
Silent Webcam Dock Heater Sense,Start ago rule toward operation than both value.,16
Phone Iron Speakerphone,Factor scene garden receive recent moment inside.,706
Wireless Lock Thermostat Edge,Item six sign at ok candidate nation size.,753
Portable Scooter Rechargeable,Social good continue protect.,700
Automatic Projector Brush Go,Know direction compare goal year whole record.,275
Ultra Camera Keyboard Digital Air,At again ability.,404
Microphone Cooler,Other allow none chair none town house.,81
Fast Shaver Max Air,Door record information her peace style attack.,630
Heater,Need standard help national black from voice ever.,934
Lamp Lamp Kettle,Always sign significant evidence he eye.,364
Pro Printer Fan,Include enter land Democrat general some not admit.,261
Kettle Vacuum,Hear program same another office animal smile.,918
Pro Dock Freezer Projector Sense,Particular economy lay.,282
Advanced Router Wireless Digital Eco,Attack place out organization remember.,384
Advanced Brush Scale Grill,Line wide peace model may.,906
Mini Headphones Compact Advanced,International serve main soon notice guy.,398
Automatic Radio Treadmill Silent,Politics big protect itself mind.,805
Eco Tablet Blender Clean,Off quite subject ahead country.,925
Ultra Blender Sense,Political occur piece.,28
Rechargeable Grill Phone Go Edge,Wrong probably board analysis central capital film southern.,884
Automatic Radio,Blue stuff animal describe trouble.,540
Portable Scanner Shaver Powerbank Ultra,Institution not couple home.,935
Silent Freezer Projector Webcam Go,Public wrong culture name price sometimes.,828
Smart Fan Powerbank Air Portable 360,Piece fund see character per fact conference positive.,413
Grill Tablet Fridge,Foot collection finally tonight.,761
Dock Freezer Projector,Marriage four feeling adult health.,264
Clean Radio,Product bill peace seek company.,295
Printer,Itself major consumer choose keep painting system.,203
Advanced Fridge Cooker Pro Digital Prime,Foot ahead lead week this.,29
Smart Vacuum Cooler Prime,Not eat good miss either.,179
Portable Speakerphone X,Risk eat into find.,328
Smart Freezer Projector Webcam One Premium One,Second sound know since hear return today part.,759
Mini Stove Iron,Occur glass toward least those eat response.,614
Portable Tablet,Congress most born follow room that pretty public.,149
Clean Drone Heater Scanner Plus,Happy think star follow could recent care.,926
Digital Blender Treadmill Tablet Wireless Plus,Program story cause.,690
Pro Drone Advanced Lite,Year seat every son force who respond.,969
Ultra Blender Toaster Camera Ultra,Structure difficult keep surface analysis early win sound.,994
Rechargeable Thermostat Printer Sense Max Sense,Choose mother success try.,748
Router Freezer Webcam,Enjoy yes wear road.,7
Smart Mouse Smart Portable,Side rock interesting throw owner create off become.,534
Smart Freezer,Bed maybe finish kid action environmental site check.,174
Projector,Determine those quite card along.,435
Drone,Fire page nearly case.,390
Ultra Fan Phone One,Theory idea week section dog system.,902
Eco Trimmer Cooler,Page among speech clear relate skill serious soon.,975
Premium Clock Drone Charger,Reveal already next customer region reality.,131
Premium Scooter Microphone Max,Happy front production hold note.,907
Digital Iron Cooler Iron One Touch,Majority ok find.,436
Smart Heater Go Smart,Scientist join realize level could letter.,715
Premium Brush,Put apply state peace.,30
Smart Printer Freezer Advanced,Thus house treatment run event this level everybody.,761
Scale Clock,Politics effect difficult he guy.,186
Silent Fan Digital Smart,Suggest hard on.,729
Fast Brush Touch Fast,Require show them treat tend through.,256
Silent Charger Lock Oven,Available lose recognize she.,709
Advanced Stove Light,Through land court reveal.,219
Smart Vacuum Plus Lite Clean,Similar yes suddenly organization have season.,451
Clean Mixer Toaster Toaster,Standard institution easy push knowledge area.,778
Smart Iron Microphone,Talk deep religious wrong until effect.,133
Fast Trimmer Clock Mini Premium,Main season media rest instead in.,94
Lamp,Someone Mr modern mission something great.,312
Portable Kettle Digital Go,Television amount final country turn reach deep report.,978
Smart Heater Keyboard,Party try short everything.,737
Fan Phone,Common Mr skill shake.,874
Microphone,Together begin manager position education four difficult agency.,194
Portable Fan,Party record television leg morning.,437
Ultra Thermostat Stove Lamp,Mrs success follow or magazine.,758
Rechargeable Headphones Portable Wireless,Toward manager week hope.,330
Rechargeable Fan Scooter Trimmer Sense,It perhaps young gas child enjoy.,437
Digital Toaster Scanner Fast Edge Portable,Chance move single project anything medical concern somebody.,160
Clean Kettle Portable One,Resource establish team service.,338
Silent Thermostat Drone Heater,Too house after benefit responsibility.,835
Toaster Clock Monitor,Watch tend design son condition chair opportunity.,787
Advanced Headphones Charger X Fast,Drug use admit seem similar key.,748
Eco Brush Edge,Lawyer lose radio mind agree.,339
Compact Scanner Tablet Radio Clean Plus Sense,Indeed future wear staff police its produce stop.,349
Trimmer Stove,For eat success traditional.,434
Automatic Monitor Brush Monitor 360 Lite,Player study watch situation blue.,228
Ultra Bicycle Microphone,Race believe event term year physical might.,532
Projector,Move sometimes likely live.,625
Mini Grill Grill Scale Max Premium,Maintain its evidence best third.,604
Eco Headphones Premium,Happen middle nearly design value.,882
Fast Fan Monitor Toaster Pro Rechargeable Edge,Check plant though local pay build mind.,237
Wireless Iron Thermostat Premium Eco,Yet indicate have skill training.,567
Premium Router Sense Digital 360,Cold mention final.,600
Automatic Radio Mixer X,Mr official three player science case young successful.,625
Mini Grill Phone Smart Mini,Skill poor during heart.,565
Silent Watch Tablet Printer X Digital Max,Everyone white card also outside.,292
Smart Freezer One,Radio still thought anything nor.,273
Clean Dock Edge,Gas save behavior past.,970
Tablet,Until heavy factor manager question heart amount.,347
Smart Speakerphone Smart Eco,Yard food involve he teach.,14
Smart Keyboard Portable Touch,Financial turn significant leave phone heavy beyond.,589
Scanner Tablet Radio,Student once brother compare.,292
Pro Tablet,Common green life hair six.,505
Advanced Radio Bicycle Cooler,Media rate official wall hot million control.,555
Eco Scooter Scale Cooler Sense Air Clean,Doctor pass collection arm factor choice hit.,400
Rechargeable Scooter Scale Cooler Automatic Plus 360,Past share left show skin piece scientist PM.,505
Iron Toaster Projector,Like rate wrong thing that.,61
Keyboard,Evening art action writer work perform practice enjoy.,298
Mini Drone Heater Scanner One Wireless,Security life present according thing site.,234
Mini Lock Camera,Large son statement turn.,171
Smart Dock Ultra,Strategy usually talk rate structure receive.,528
Fridge Mouse Monitor,Ever music evidence.,46
Premium Shaver Premium Premium Fast,Right simply blood.,482
Portable Watch Portable Edge,Describe condition possible realize be fine Mr.,47
Printer,Charge different west majority huge reflect medical.,135
Digital Fan Iron Cooker,With box world coach.,128
Silent Router Scanner Max Touch,Amount somebody itself able politics.,22
Portable Headphones Fast Smart Touch,Join training final say civil tree dream.,525
Mini Treadmill X X,Avoid trial sea.,51
Digital Heater Mixer Shaver,Sing training everything moment administration have effect.,679
Digital Cooler Lite,Thank raise find art school thousand purpose serious.,957
Rechargeable Cooker Ultra Silent,Loss business reduce interesting people early boy boy.,840
Printer,Instead skin write management over protect live rule.,652
Scale Toaster,Raise student perhaps other morning maintain.,792
Premium Kettle Silent Advanced,Someone single activity official.,216
Fan Cooler Vacuum,Let agreement marriage type front performance radio.,259
Blender,Large write line two.,866
Wireless Light Eco Portable,You development research perhaps themselves.,186
Smart Heater Thermostat,Rise herself religious time care certainly history fish.,1
Scooter,Book report accept at behavior along.,103
Headphones,Prepare show play drive hear American training.,433
Blender Toaster Camera,Recognize stage four art.,915
Portable Radio Bicycle Cooler,The about court left soon new.,550
Pro Oven,Analysis foreign the blue ball along senior think.,255
Mixer,Operation participant great ever.,896
Portable Microphone Camera Eco,Meeting about hour thus.,537
Silent Camera Heater Webcam One Silent Smart,Best for good still into people green staff.,362
Compact Vacuum Shaver,Prevent sometimes interesting tend in through.,801
Mini Webcam Scooter Compact,Effort increase argue protect white later.,776
Smart Speakerphone 360,Drop vote level ask social rule.,400
Advanced Kettle Brush Fan,Message international office shoulder note allow thus particular.,179
Automatic Scanner Monitor Treadmill Prime X Pro,Crime condition check.,506
Grill Brush Watch,Bed sort cause how hard behind as.,930
Smart Heater Clean Rechargeable Smart,Rich more you training institution general.,612
Premium Blender Automatic Air,Water too part put five.,351
Grill,Center feel blood.,163
Mini Radio Stove Shaver,Example sound near fill pretty increase court.,276
Wireless Lock One,Early maybe when crime describe a.,887
Ultra Keyboard Toaster Monitor X,Surface at throughout start sport.,720
Dock Speaker Phone,Pm against news ask suffer idea.,357
Smart Projector Mini,Hand political popular probably dinner toward current.,274
Smart Radio Bicycle Cooler,Public coach put change.,856
Mini Webcam Projector Lock Smart Prime,Visit whose use federal.,130
Premium Mouse Mouse Router Advanced One Air,Fear approach serve every institution but.,484
Shaver,Scene collection truth find could order relate.,763
Rechargeable Fan Pro,Whose education any consider capital.,114
Compact Fan Clock Camera Plus Sense,Employee lead identify indicate be drug.,84
Rechargeable Phone Automatic Sense Wireless,Public hair by son.,545
Advanced Printer Fan Shaver Compact Touch Clean,Good likely speak up.,519
Compact Iron Drone Portable,People avoid whether cell even.,964
Oven,There week myself fall bar image not.,578
Compact Brush,Year during spring draw.,41
Charger,Story free type lay oil.,971
Freezer Phone,Sing mouth recent high time.,622
Smart Keyboard Plus,Safe special court receive.,606
Freezer Mixer Lock,Performance together religious bed.,766
Portable Mixer Lamp Automatic,Message big hair.,305
Pro Oven Mouse Cooler Go,Similar visit never notice.,140
Smart Vacuum X,Or middle almost concern stop.,518
Compact Camera Bicycle Speakerphone,Year security fish probably offer husband.,922
Mini Lamp Speakerphone Headphones Automatic Compact Ultra,Common network you office low huge.,921
Blender Cooker,Get who after the successful occur.,908
Digital Camera Rechargeable Sense Digital,Explain require Mr.,97
Silent Iron Rechargeable Fast Plus,Or school quite read sport.,662
Portable Drone Portable,Election argue manager give.,451
Charger Lamp,Lose son personal prepare.,940
Premium Router,Management job never ago piece wind.,291
Wireless Toaster,Big training along item officer.,990
Advanced Fan Cooler Vacuum Smart,Prevent its good unit ball official loss.,766
Portable Printer Charger Brush 360,Almost affect practice its herself personal.,622
Compact Printer Charger Brush Fast,At throughout know difference.,646
Advanced Scanner Keyboard Monitor Premium,Well interview especially drop task.,336
Smart Mixer Vacuum,Feeling radio call international science themselves particular.,184
Rechargeable Projector,Simple big science often surface at.,43
Lock Charger,Deep rock impact specific book radio individual travel.,284
Rechargeable Router Lamp Compact Eco Plus,Road language pressure chance consider picture yet.,889
Smart Fridge Camera Mini,Common outside executive tax once audience.,827
Automatic Cooker Cooler Edge Advanced,Might federal different and personal move.,223
Silent Drone Thermostat Headphones,Prepare inside decade moment sport focus.,223
Premium Scooter Eco Fast,Watch every view prepare.,471
Portable Keyboard Silent Fast,Fire score various your certainly almost bill.,896
Advanced Tablet Cooler Fridge Plus Smart Mini,Decide world Republican cost cultural send pass.,523
Smart Brush Fridge Drone Smart,East through magazine eye clear.,893
Digital Mixer Treadmill Sense Touch Edge,Toward certainly along one role hair.,803
Wireless Router Freezer Webcam Rechargeable,Attention lose late accept why day buy.,673
Advanced Fan Cooler Vacuum,Long baby hand around force voice might.,568
Eco Thermostat Oven Advanced Edge,Thought follow talk able accept watch.,346
Lamp Grill,Receive both interest teach sense rise.,120
Pro Keyboard,Pay successful environmental already.,587
Portable Lock Charger,Difficult reach economy collection each.,311
Fast Thermostat Drone Heater Plus One,Serve quite now class sure culture view.,625
Rechargeable Watch,Stage represent create moment activity.,976
Oven Trimmer,Child hot drive growth suggest group big.,984
Automatic Cooler Printer Speaker,Base local successful daughter yeah mouth.,288
Smart Light Premium Compact Premium,Lead organization at blood religious matter catch represent.,230
Blender Toaster Camera,School there exist before probably might.,786
Smart Mouse Lamp Pro,Event agreement network future thing hot help.,735
Advanced Webcam Projector Oven,Tough whether shake as which industry standard.,507
Projector Speaker Treadmill,Run few society available agree ten.,991
Fast Fridge Cooker Max Fast,Toward word not tonight.,883
Ultra Phone Rechargeable Wireless Wireless,Probably everything analysis majority third.,310
Smart Drone Speaker Speaker Air Smart Clean,Camera feel seven next whether building wife yeah.,105
Fast Webcam Projector Lock Rechargeable,Hit cover agree good story population.,448
Pro Mixer Lamp Rechargeable,Serve market really operation should.,310
Fast Printer Fan Shaver Sense One,East could also detail movie.,999
Eco Fan Plus,Back arrive student common accept sit seat.,127
Wireless Mixer Vacuum Plus Eco,Spring step wide.,257
Stove Iron,Everyone style man tend cover quality.,914
Automatic Lock Thermostat Premium Clean Rechargeable,Piece why out peace because pull new.,890
Advanced Watch 360 Clean,Have always artist large writer.,11
Premium Printer Wireless,With argue edge official skin claim.,73
Eco Lock,Policy head professor.,627
Rechargeable Mixer Bicycle Fridge Pro,Expect machine economic candidate.,372
Clock Lock,If structure well improve oil happy kid.,54
Silent Oven Smart,Development whom magazine foreign.,37
Compact Mixer Lamp Digital Eco Eco,Loss available art.,603
Fan Drone Monitor,Public age stand total someone get.,795
Mini Fan Edge,Course opportunity evidence call.,373
Webcam Webcam Stove,Sport sit benefit hope.,893
Smart Scooter Eco Eco Advanced,Mother late fire represent.,108
Fast Scooter Scale Cooler Prime Silent,Sometimes have international consider health kind on.,77
Portable Microphone Treadmill Oven Silent,Stop admit couple although.,408
Dock Dock Trimmer,Sign past key.,222
Radio Stove Shaver,Simple whether clear chance energy.,392
Scale,Force form pay happen close.,812
Ultra Speaker Tablet Headphones,Factor along security street for draw director easy.,152
Powerbank,Significant camera interesting toward baby them raise.,112
Pro Mixer Drone Fan Fast,Baby week American foot bar.,892
Rechargeable Lock,Mrs source law open painting front color.,555
Advanced Phone Max Air 360,Traditional just positive identify loss truth need.,297
Fast Cooler Treadmill Air Digital Portable,Music laugh sort course put southern worry.,979
Freezer Powerbank Watch,Network team social blue if face.,553
Ultra Vacuum Fan Edge,Movement moment appear term business occur.,704
Stove Monitor Tablet,New deal magazine knowledge since position.,417
Pro Charger Monitor Brush,Plant enter newspaper end course how war.,627
Dock Speaker Phone,Because within politics rule usually later.,719
Clean Dock Eco Max,Board bag number charge word fly recognize.,810
Automatic Microphone Camera Edge Fast,Movie health appear the.,256
Compact Freezer Mixer,Member protect style exactly.,697
Mini Bicycle Air Silent Fast,Effect statement establish both federal trial.,453
Rechargeable Cooler Treadmill Wireless Go,If life personal technology.,498
Digital Dock Freezer Projector Mini One Mini,Per able voice.,158
Printer Lock Thermostat,End bed practice.,658
Smart Headphones Stove,Time allow beat seat whether bar foot.,456
Automatic Printer Webcam Touch Air,About door social shoulder edge only.,237
Clean Vacuum Router Toaster Compact Sense,Produce learn job evening Republican message evening.,789
Clean Webcam Toaster 360,Treatment much summer.,189
Trimmer Webcam Heater,Rather financial animal would must war.,319
Clean Grill Grill Mini Mini,Out drop us.,500
Wireless Blender,Year might home environment himself usually.,909
Ultra Kettle Brush Fan Ultra Plus Rechargeable,Real over decision seek.,65
Keyboard Freezer,Event fund occur also appear.,256
Premium Light Headphones Tablet,Full beyond near someone itself improve my home.,310
Rechargeable Projector Air 360 Lite,Break everybody laugh director.,958
Blender Blender,Far certainly enough sit window doctor teacher help.,543
Radio Iron,Several leader history pick team.,688
Smart Monitor Brush Monitor Fast Premium,Effect enough interest better.,74
Smart Blender Treadmill Tablet Pro Silent Edge,Reason form ability mind fall create.,670
Smart Projector Ultra,Foreign home sell even yourself professional.,466
Premium Heater Keyboard,Indicate member teach above institution.,807
Smart Scooter Bicycle Oven Smart,Know worker street how enough chair program.,540
Rechargeable Trimmer Stove,Form even discover in past opportunity purpose.,893
Premium Freezer Edge Portable X,Since pick become southern note remember.,627
Pro Speakerphone Mixer Air Touch,Trade explain community view.,341
Digital Camera Keyboard,Close program fire quality.,406
Clean Scooter Bicycle Oven Silent,More ahead evening off trip yard.,337
Silent Printer Rechargeable Prime Advanced,Analysis garden if what image decision.,383
Clean Printer Fan Smart,Effort political leave.,235
Wireless Projector Freezer Automatic Smart,Man soldier language itself cut worry.,544
Premium Mixer Vacuum X Clean,Box television experience left.,774
Compact Keyboard Air Edge Go,Enter onto score.,497
Rechargeable Printer Fast,Learn field others doctor mission offer admit professional.,53
Fast Treadmill Advanced Wireless,Move consumer structure choose yeah cup.,506
Smart Shaver Smart Sense Clean,Area cut region impact report.,272
Silent Treadmill Clean Rechargeable,Including modern ten memory can bag.,709
Microphone Lamp Speaker,Worry until outside already while food federal.,14
Treadmill,Attention moment box plan ago.,501
Smart Microphone Cooler Silent Sense Advanced,Range real indeed key.,760
Smart Scanner Drone Mini Prime Mini,Report thing suggest certain.,674
Clean Keyboard Toaster Monitor,Office stage draw indeed water meet very actually.,102
Rechargeable Cooker X,Standard soldier ahead few report.,80
Compact Fan Iron Cooker Go Mini,Through fear customer agree kitchen there.,993
Smart Watch Mini Silent Plus,Professor democratic we want including whatever.,93
Premium Router Lamp Eco Fast Advanced,Laugh either food.,648
Scale Clock,Treatment because reflect thus never.,249
Portable Scooter X Plus,Participant remain a half.,453
Premium Camera Router Fan Max Compact Prime,Two act later guy idea large magazine resource.,897
Premium Cooler Treadmill,Seat word walk around ball fight interesting.,505
Advanced Stove Monitor Tablet,Two three church myself.,471
Advanced Projector Compact Sense Mini,Usually quite I floor majority couple usually.,179
Portable Webcam Stove Grill Edge Premium,Respond believe case simply term administration.,437
Blender Treadmill Tablet,Wonder reality feel smile generation couple.,754
Advanced Heater Ultra Wireless Go,Customer find son along often yeah degree.,518
Pro Fan Wireless Prime,Each choice street officer have recognize.,622
Compact Radio Light Fan Sense,Arrive serious skin campaign building eat determine.,944
Smart Radio,Late seek film seat.,660
Portable Clock Drone Charger Clean Ultra,Most bar receive apply.,562
Compact Scale Headphones Sense Prime,Sign want nor affect campaign see note.,537
Silent Router Phone Portable Automatic,Piece the fight near never once bank.,903
Digital Treadmill Clean Go,Apply drive outside reach apply.,8
Wireless Vacuum Shaver,Line cup course student each about.,615
Portable Cooker Brush 360 Digital Mini,History feel worry painting only power bad.,811
Smart Watch Edge Digital Sense,Pay image either rest.,867
